{
    "gleak": 9.884435802733533,
    "gklt": 30.697544377945285,
    "gh": 5.353902723602595,
    "erev": -74.95972378778588,
    "gkht": 10.056624275879024,
    "gna": 5.0,
    "gka": 5.0,
    "rin_exp_mohm": 162.77998716925543,
    "rin_sim_mohm": 165.37436343359184,
    "rmse_fit_mV": 0.1253605926659649,
    "r2_fit": 0.9998288439053983,
    "rmse_all_mV": 0.5470499582876232,
    "r2_all": 0.99798893116688
}