{
    "gleak": 13.881312832638011,
    "gklt": 2.175094343452379,
    "gh": 7.922013492434308,
    "erev": -72.89952808636113,
    "gkht": 5.0,
    "gna": 20.0,
    "gka": 20.0,
    "rin_exp_mohm": 155.91246253428326,
    "rin_sim_mohm": 148.02862816751434,
    "rmse_fit_mV": 0.2359919368836239,
    "r2_fit": 0.9992562005840298,
    "rmse_all_mV": 11.004441408186498,
    "r2_all": -0.006859931968723254
}