{
    "gleak": 2.3130691953959563,
    "gklt": 9.957954334563556,
    "gh": 23.973989729870304,
    "erev": -70.0,
    "gkht": 5.0,
    "gna": 20.0,
    "gka": 5.0,
    "rin_exp_mohm": 201.943967776616,
    "rin_sim_mohm": 228.45740136989633,
    "rmse_fit_mV": 0.5596638130943535,
    "r2_fit": 0.9970123574316279,
    "rmse_all_mV": 4.79860006613652,
    "r2_all": 0.8610220385831031
}