{
    "gleak": 4.444295475276299,
    "gklt": 1.0,
    "gh": 10.555922958617975,
    "erev": -70.0,
    "gkht": 5.0,
    "gna": 20.0,
    "gka": 5.0,
    "rin_exp_mohm": 358.8154447708436,
    "rin_sim_mohm": 363.44942506579315,
    "rmse_fit_mV": 0.5797820420176515,
    "r2_fit": 0.9960434248699536,
    "rmse_all_mV": 46.18774846250018,
    "r2_all": -7.7273036326047215
}