Variable,Test,p-value,Group 1,Group 2
gLeak,M-W U,0.15079365079365079,iMNTB,TeNT
gNa,M-W U,0.5476190476190477,iMNTB,TeNT
gKHT,M-W U,0.031746031746031744,iMNTB,TeNT
gKLT,M-W U,0.007936507936507936,iMNTB,TeNT
gIH,M-W U,0.8412698412698413,iMNTB,TeNT
gKA,M-W U,0.007936507936507936,iMNTB,TeNT
ELeak,M-W U,0.011159425282914753,iMNTB,TeNT
cam,M-W U,0.2222222222222222,iMNTB,TeNT
kam,M-W U,0.09295731572744009,iMNTB,TeNT
cbm,M-W U,1.0,iMNTB,TeNT
kbm,M-W U,0.14610046596342235,iMNTB,TeNT
