{
    "gleak": 4.754487136169227,
    "gklt": 24.688022171343587,
    "gh": 11.733820630970689,
    "erev": -75.53543755799693,
    "gkht": 5.0,
    "gna": 5.0,
    "gka": 5.0,
    "rin_exp_mohm": 215.8376952399721,
    "rin_sim_mohm": 192.59188588532254,
    "rmse_fit_mV": 0.7972709455875383,
    "r2_fit": 0.9950089665749751,
    "rmse_all_mV": 1.0766888885709063,
    "r2_all": 0.9935256769626484
}