{
    "gleak": 8.79293439029183,
    "gklt": 1.0666667423776095,
    "gh": 2.206321661166496,
    "erev": -70.12394342917538,
    "gkht": 9.59869636170888,
    "gna": 5.0,
    "gka": 5.0,
    "rin_exp_mohm": 283.4026322276747,
    "rin_sim_mohm": 265.99317910239654,
    "rmse_fit_mV": 0.40588860502270135,
    "r2_fit": 0.9986106046664278,
    "rmse_all_mV": 23.312185437800863,
    "r2_all": -1.4686597207086671
}