{
    "gleak": 6.685911794332972,
    "gklt": 14.670232271573175,
    "gh": 12.094048435248693,
    "erev": -73.58338515651825,
    "gkht": 20.0,
    "gna": 5.0,
    "gka": 5.0,
    "rin_exp_mohm": 173.71382822120037,
    "rin_sim_mohm": 185.92639727920235,
    "rmse_fit_mV": 0.2903317069016283,
    "r2_fit": 0.9992864736214897,
    "rmse_all_mV": 0.9082684421299597,
    "r2_all": 0.9960500337640015
}