Mid_Current_nA,InputResistance_GOhm
-0.09,0.099
-0.07,0.114
-0.05,0.132
-0.03,0.153
-0.01,0.17
0.01,0.17
0.03,0.155
0.05,0.135
0.07,0.117
0.09,0.103
0.11,0.092
0.13,0.082
0.15000000000000002,0.074
0.16999999999999998,0.066
0.19,0.059
0.21000000000000002,0.053
0.22999999999999998,0.047
0.25,0.042
0.27,0.039
0.29000000000000004,0.035
0.31,0.032
0.33,0.03
