{
    "gleak": 8.33969722836145,
    "gklt": 31.380839384562815,
    "gh": 7.347493360297145,
    "erev": -74.93415960819654,
    "gkht": 5.0,
    "gna": 20.0,
    "gka": 20.0,
    "rin_exp_mohm": 167.17836398545273,
    "rin_sim_mohm": 165.85757137275786,
    "rmse_fit_mV": 0.19790783171596402,
    "r2_fit": 0.9996654371632749,
    "rmse_all_mV": 0.7531593887617096,
    "r2_all": 0.9964452545964702
}