{
    "gleak": 4.609636798045897,
    "gklt": 18.819137462445468,
    "gh": 13.472549735816804,
    "erev": -80.75061629536174,
    "gkht": 9.986534859102655,
    "gna": 5.0,
    "gka": 5.0,
    "rin_exp_mohm": 198.0176836139243,
    "rin_sim_mohm": 192.73547217319583,
    "rmse_fit_mV": 0.29027756318886544,
    "r2_fit": 0.9993976474981012,
    "rmse_all_mV": 0.3052872280003443,
    "r2_all": 0.999508474904242
}