{
    "gleak": 8.370672948676253,
    "gklt": 10.84020474137826,
    "gh": 20.9630545856229,
    "erev": -70.0,
    "gkht": 5.0,
    "gna": 9.703938435654159,
    "gka": 5.0,
    "rin_exp_mohm": 142.29948785240833,
    "rin_sim_mohm": 154.2010390429378,
    "rmse_fit_mV": 0.36255756935093314,
    "r2_fit": 0.9981868549624214,
    "rmse_all_mV": 3.6943538208880997,
    "r2_all": 0.892836254097133
}